Name,Size,Type,FILE_Hist
baryon_density,512,Linear,512/linear/NVB_C009_l10n512_S12345T692_z42.h5_BLOSC_baryon_density_minmax__hist.png
dark_matter_density,512,Linear,512/linear/NVB_C009_l10n512_S12345T692_z42.h5_BLOSC_dark_matter_density_minmax__hist.png
temperature,512,Linear,512/linear/NVB_C009_l10n512_S12345T692_z42.h5_BLOSC_temperature_minmax__hist.png
vel_x,512,Linear,512/linear/NVB_C009_l10n512_S12345T692_z42.h5_BLOSC_velocity_x_minmax__hist.png
vel_y,512,Linear,512/linear/NVB_C009_l10n512_S12345T692_z42.h5_BLOSC_velocity_y_minmax__hist.png
vel_z,512,Linear,512/linear/NVB_C009_l10n512_S12345T692_z42.h5_BLOSC_velocity_z_minmax__hist.png
baryon_density,512,SemiLogY,512/semilog/NVB_C009_l10n512_S12345T692_z42.h5_BLOSC_baryon_density_minmax__hist.png
dark_matter_density,512,SemiLogY,512/semilog/NVB_C009_l10n512_S12345T692_z42.h5_BLOSC_dark_matter_density_minmax__hist.png
temperature,512,SemiLogY,512/semilog/NVB_C009_l10n512_S12345T692_z42.h5_BLOSC_temperature_minmax__hist.png
vel_x,512,SemiLogY,512/semilog/NVB_C009_l10n512_S12345T692_z42.h5_BLOSC_velocity_x_minmax__hist.png
vel_y,512,SemiLogY,512/semilog/NVB_C009_l10n512_S12345T692_z42.h5_BLOSC_velocity_y_minmax__hist.png
vel_z,512,SemiLogY,512/semilog/NVB_C009_l10n512_S12345T692_z42.h5_BLOSC_velocity_z_minmax__hist.png
baryon_density,1024,Linear,1024/linear/NVB_C009_l20n1024_S12345T632_z42.hdf5_BLOSC_baryon_density_minmax__hist.png
dark_matter_density,1024,Linear,1024/linear/NVB_C009_l20n1024_S12345T632_z42.hdf5_BLOSC_dark_matter_density_minmax__hist.png
temperature,1024,Linear,1024/linear/NVB_C009_l20n1024_S12345T632_z42.hdf5_BLOSC_temperature_minmax__hist.png
vel_x,1024,Linear,1024/linear/NVB_C009_l20n1024_S12345T632_z42.hdf5_BLOSC_velocity_x_minmax__hist.png
vel_y,1024,Linear,1024/linear/NVB_C009_l20n1024_S12345T632_z42.hdf5_BLOSC_velocity_y_minmax__hist.png
vel_z,1024,Linear,1024/linear/NVB_C009_l20n1024_S12345T632_z42.hdf5_BLOSC_velocity_z_minmax__hist.png
baryon_density,1024,SemiLogY,1024/semilog/NVB_C009_l20n1024_S12345T632_z42.hdf5_BLOSC_baryon_density_minmax__hist.png
dark_matter_density,1024,SemiLogY,1024/semilog/NVB_C009_l20n1024_S12345T632_z42.hdf5_BLOSC_dark_matter_density_minmax__hist.png
temperature,1024,SemiLogY,1024/semilog/NVB_C009_l20n1024_S12345T632_z42.hdf5_BLOSC_temperature_minmax__hist.png
vel_x,1024,SemiLogY,1024/semilog/NVB_C009_l20n1024_S12345T632_z42.hdf5_BLOSC_velocity_x_minmax__hist.png
vel_y,1024,SemiLogY,1024/semilog/NVB_C009_l20n1024_S12345T632_z42.hdf5_BLOSC_velocity_y_minmax__hist.png
vel_z,1024,SemiLogY,1024/semilog/NVB_C009_l20n1024_S12345T632_z42.hdf5_BLOSC_velocity_z_minmax__hist.png
